Product Name,Description,Price,Reviews
"Google Pixel 8a (Porcelain, 128 GB)",8 GB RAM | 128 GB ROM15.49 cm (6.1 inch) Full HD+ Display64MP + 13MP | 13MP Front Camera4404 mAh BatteryTensor G3 Processor1 Year Domestic Warranty,"₹37,999",4.3
"vivo V50 5G (Starry Night, 512 GB)",12 GB RAM | 512 GB ROM17.2 cm (6.77 inch) Display50MP + 50MP | 50MP Front Camera6000 mAh Battery7 Gen 3 Processor1 Year Manufacturer Warranty for Device and 6 Months Warranty for Inbox Accessories,"₹40,999",4.5
"Nothing Phone (3a) (Blue, 256 GB)",8 GB RAM | 256 GB ROM17.2 cm (6.77 inch) Full HD+ Display50MP (Main) + 50MP (2X Tele Photo) + 8MP (Ultra-Wide) | 32MP Front Camera5000 mAh Battery7s Gen3 Processor1 Year Manufacturing Warranty,"₹26,999",4.5
"Nothing Phone (3a) Pro (Black, 256 GB)",8 GB RAM | 256 GB ROM17.2 cm (6.77 inch) Full HD+ Display50MP (Main) + 50MP (3X Periscope)+ 8MP (Ultra-Wide) | 50MP Front Camera5000 mAh Battery7s Gen3 Processor1 Year Manufacturing Warranty,"₹31,999",4.5
"Motorola Edge 50 Ultra 5G (Forest Grey, 512 GB)",12 GB RAM | 512 GB ROM17.02 cm (6.7 inch) Display50MP + 50MP + 64MP | 50MP Front Camera4500 mAh Battery8s Gen 3 Mobile Platform Processor1 Year on Handset and 6 Months on Accessories,"₹49,999",4.4
"SAMSUNG Galaxy A36 5G (Awesome Black, 256 GB)",12 GB RAM | 256 GB ROM17.02 cm (6.7 inch) Full HD+ Display50MP + 8MP | 12MP Front Camera5000 mAh BatteryQualcomm Snapdragon 6 Gen 3 Processor1 Year Manufacturer Warranty for Device and 6 Months for In-Box Accessories,"₹36,999",4.1
"IQOO 12 5G (Alpha, 512 GB)",16 GB RAM | 512 GB ROM17.22 cm (6.78 inch) Display50MP Rear Camera5000 mAh Battery1 Year Brand Warranty,"₹49,990",4.4
"IQOO Neo9 Pro (Conqueror Black, 256 GB)",8 GB RAM | 256 GB ROM17.22 cm (6.78 inch) Display50MP Rear Camera5160 mAh Battery1 Year,"₹41,000",4.5
"SAMSUNG Galaxy A55 5G (Awesome Iceblue, 256 GB)",12 GB RAM | 256 GB ROM | Expandable Upto 1 TB16.76 cm (6.6 inch) Full HD+ Display50MP + 12MP + 5MP | 32MP Front Camera5000 mAh BatteryExynos 1480 Processor1 Year Manufacturer Warranty for Device and 6 Months for In-Box Accessories,"₹48,999",4.3
"IQOO NEO9 PRO (Fiery Red, 128 GB)",8 GB RAM | 128 GB ROM17.22 cm (6.78 inch) Display50MP Rear Camera5160 mAh Battery1 Year,"₹35,374",4.5
"Google Pixel 9A (Obsidian, 256 GB)",8 GB RAM | 256 GB ROM15.96 cm (6.285 inch) Full HD+ Display48MP + 12MP | 12MP Front Camera5100 mAh BatteryTensor G4 Processor1 Year Domestic Warranty,"₹49,999",4.5
"Apple iPhone 14 (Starlight, 128 GB)","128 GB ROM15.49 cm (6.1 inch) Super Retina XDR Display12MP + 12MP | 12MP Front CameraA15 Bionic Chip, 6 Core Processor Processor1 year warranty for phone and 1 year warranty for in Box Accessories.","₹52,499",4.6
"SAMSUNG Galaxy S24 5G (Marble Gray, 128 GB)",8 GB RAM | 128 GB ROM15.75 cm (6.2 inch) Full HD+ Display50MP + 10MP + 12MP | 12MP Front Camera4000 mAh BatteryExynos 2400 Processor1 Year Manufacturer Warranty for Device and 6 Months for In-Box Accessories,"₹44,999",4.5
"Honor 200 Pro 5G (Ocean Cyan, 512 GB)",12 GB RAM | 512 GB ROM17.22 cm (6.78 inch) Full HD+ Super AMOLED Display50MP + 50MP + 12MP | 50MP Front Camera5200 mAh BatterySnapdragon 8s Gen 3 Processor1 year manufacturer's warranty for handset & 6 months for accessories,"₹39,999",4
"SAMSUNG Galaxy S23 5G (Green, 256 GB)",8 GB RAM | 256 GB ROM15.49 cm (6.1 inch) Full HD+ Display50MP + 10MP + 12MP | 12MP Front Camera3900 mAh Lithium Ion BatteryQualcomm Snapdragon 8 Gen 2 Processor1 Year Manufacturer Warranty for Device and 6 Months Manufacturer Warranty for In-Box Accessories,"₹49,999",4.6
"OnePlus 10 Pro 5G (Volcanic Black, 128 GB)",8 GB RAM | 128 GB ROM17.02 cm (6.7 inch) Display48MP Rear Camera | 32MP Front Camera5000 mAh Battery1 Year Manufacturer Warranty for Handset and 6 Months Warranty for In the Box Accessories,"₹36,990",4.2
"SAMSUNG Galaxy S23 5G (Phantom Black, 256 GB)",8 GB RAM | 256 GB ROM15.49 cm (6.1 inch) Full HD+ Display50MP + 10MP + 12MP | 12MP Front Camera3900 mAh Lithium Ion BatteryQualcomm Snapdragon 8 Gen 2 Processor1 Year Manufacturer Warranty for Device and 6 Months Manufacturer Warranty for In-Box Accessories,"₹49,999",4.6
"Google Pixel 8a (Aloe, 128 GB)",8 GB RAM | 128 GB ROM15.49 cm (6.1 inch) Full HD+ Display64MP + 13MP | 13MP Front Camera4404 mAh BatteryTensor G3 Processor1 Year Domestic Warranty,"₹37,999",4.3
"OPPO Reno 12 Pro 5G (Space Brown, 512 GB)",12 GB RAM | 512 GB ROM | Expandable Upto 1 TB17.02 cm (6.7 inch) Full HD+ Display50MP + 8MP + 50MP | 50MP Front Camera5000 mAh BatteryDimensity 7300 Energy Processor1 Year Manufacturer Warranty for Device and 6 Months Manufacturer Warranty for Inbox Accessories,"₹40,999",4.4
"SAMSUNG Galaxy A54 5G (Awesome Lime, 256 GB)","8 GB RAM | 256 GB ROM | Expandable Upto 1 TB16.26 cm (6.4 inch) Full HD+ Display50MP + 12MP + 5MP | 32MP Front Camera5000 mAh BatteryExynos 1380, Octa Core Processor1 Year Manufacturer Warranty for Device and 6 Months Manufacturer Warranty for In-Box Accessories","₹37,499",4.3
"OPPO Reno 12 Pro 5G (Manish Malhotra Limited Edition, 256 GB)",12 GB RAM | 256 GB ROM | Expandable Upto 1 TB17.02 cm (6.7 inch) Full HD+ Display50MP + 8MP + 50MP | 50MP Front Camera5000 mAh BatteryDimensity 7300 Energy Processor1 Year Manufacturer Warranty for Device and 6 Months Manufacturer Warranty for Inbox Accessories,"₹36,999",4.4
"OnePlus 11R 5G (Galactic Silver, 128 GB)",8 GB RAM | 128 GB ROM17.02 cm (6.7 inch) Display50MP Rear Camera5000 mAh BatteryDomestic warranty of 12 months on phone & 6 months on accessories,"₹36,990",4.5
"SAMSUNG Galaxy A55 5G (Awesome Iceblue, 128 GB)",8 GB RAM | 128 GB ROM | Expandable Upto 1 TB16.76 cm (6.6 inch) Full HD+ Display50MP + 12MP + 5MP | 32MP Front Camera5000 mAh BatterySamsung Exynos 1480 Processor1 Year Manufacturer Warranty for Device and 6 Months for In-Box Accessories,"₹39,990",4.4
"OPPO Reno10 Pro 5G (Silvery Grey, 256 GB)",12 GB RAM | 256 GB ROM17.02 cm (6.7 inch) Full HD+ Display50MP + 32MP + 8MP | 32MP Front Camera4600 mAh BatterySnapdragon 778G 5G Processor1 Year Manufacturer Warranty for Phone and 6 Months Warranty for In the Box Accessories,"₹37,999",4.3
"Apple iPhone 12 (Blue, 64 GB)","64 GB ROM15.49 cm (6.1 inch) Super Retina XDR Display12MP + 12MP | 12MP Front CameraA14 Bionic Chip with Next Generation Neural Engine ProcessorCeramic ShieldIndustry-leading IP68 Water ResistanceAll Screen OLED Display12MP TrueDepth Front Camera with Night Mode, 4K Dolby Vision HDR Recording1 year warranty for phone and 1 year warranty for in Box Accessories.","₹48,900",4.6
"Google Pixel 8a (Obsidian, 256 GB)",8 GB RAM | 256 GB ROM15.49 cm (6.1 inch) Full HD+ Display64MP + 13MP | 13MP Front Camera4404 mAh BatteryTensor G3 Processor1 Year Domestic Warranty,"₹44,999",4.3
"Honor 200 Pro 5G (Black, 512 GB)",12 GB RAM | 512 GB ROM17.22 cm (6.78 inch) Full HD+ Super AMOLED Display50MP + 50MP + 12MP | 50MP Front Camera5200 mAh BatterySnapdragon 8s Gen 3 Processor1 year manufacturer's warranty for handset & 6 months for accessories,"₹41,999",4
"SAMSUNG Galaxy A55 5G (Awesome Navy, 128 GB)",8 GB RAM | 128 GB ROM | Expandable Upto 1 TB16.76 cm (6.6 inch) Full HD+ Display50MP + 12MP + 5MP | 32MP Front Camera5000 mAh BatterySamsung Exynos 1480 Processor1 Year Manufacturer Warranty for Device and 6 Months for In-Box Accessories,"₹32,496",4.4
"OPPO Reno10 Pro 5G (Glossy Purple, 256 GB)",12 GB RAM | 256 GB ROM17.02 cm (6.7 inch) Full HD+ Display50MP + 32MP + 8MP | 32MP Front Camera4600 mAh BatterySnapdragon 778G 5G Processor1 Year Manufacturer Warranty for Phone and 6 Months Warranty for In the Box Accessories,"₹37,999",4.3
"SAMSUNG Galaxy A55 5G (Awesome Iceblue, 256 GB)",8 GB RAM | 256 GB ROM | Expandable Upto 1 TB16.76 cm (6.6 inch) Full HD+ Display50MP + 12MP + 5MP | 32MP Front Camera5000 mAh BatterySamsung Exynos 1480 Processor1 Year Manufacturer Warranty for Device and 6 Months for In-Box Accessories,"₹36,999",4.4
"Apple iPhone 14 (Midnight, 128 GB)","128 GB ROM15.49 cm (6.1 inch) Super Retina XDR Display12MP + 12MP | 12MP Front CameraA15 Bionic Chip, 6 Core Processor Processor1 year warranty for phone and 1 year warranty for in Box Accessories.","₹52,499",4.6
"OPPO Reno 12 Pro 5G (Sunset Gold, 512 GB)",12 GB RAM | 512 GB ROM | Expandable Upto 1 TB17.02 cm (6.7 inch) Full HD+ Display50MP + 8MP + 50MP | 50MP Front Camera5000 mAh BatteryDimensity 7300 Energy Processor1 Year Manufacturer Warranty for Device and 6 Months Manufacturer Warranty for Inbox Accessories,"₹40,999",4.4
"SAMSUNG Galaxy A55 5G (Awesome Navy, 256 GB)",12 GB RAM | 256 GB ROM | Expandable Upto 1 TB16.76 cm (6.6 inch) Full HD+ Display50MP + 12MP + 5MP | 32MP Front Camera5000 mAh BatterySamsung Exynos 1480 Processor1 Year Manufacturer Warranty for Device and 6 Months for In-Box Accessories,"₹38,880",4.3
"Google Pixel 8a (Bay, 128 GB)",8 GB RAM | 128 GB ROM15.49 cm (6.1 inch) Full HD+ Display64MP + 13MP | 13MP Front Camera4404 mAh BatteryTensor G3 Processor1 Year Domestic Warranty,"₹37,999",4.3
"SAMSUNG Galaxy A36 5G (Awesome White, 256 GB)",8 GB RAM | 256 GB ROM17.02 cm (6.7 inch) Full HD+ Display50MP + 8MP | 12MP Front Camera5000 mAh BatteryQualcomm Snapdragon 6 Gen 3 Processor1 Year Manufacturer Warranty for Device and 6 Months for In-Box Accessories,"₹33,999",4.3
"vivo V30 Pro 5G (Andaman Blue, 256 GB)",8 GB RAM | 256 GB ROM17.22 cm (6.78 inch) Full HD+ Display50MP + 50MP + 50MP | 50MP Front Camera5000 mAh BatteryDimensity 8200 5G Processor1 Year Manufacturer Warranty for Device and 6 Months Manufacturer Warranty for Inbox Accessories,"₹34,999",4.5
"SAMSUNG Galaxy A55 5G (Awesome Navy, 256 GB)",8 GB RAM | 256 GB ROM | Expandable Upto 1 TB16.76 cm (6.6 inch) Full HD+ Display50MP + 12MP + 5MP | 32MP Front Camera5000 mAh BatteryExynos 1480 Processor1 Year Manufacturer Warranty for Device and 6 Months for In-Box Accessories,"₹45,999",4.4
"vivo V40 5G (Lotus Purple, 512 GB)",12 GB RAM | 512 GB ROM17.22 cm (6.78 inch) Full HD+ Display50MP + 50MP | 50MP Front Camera5500 mAh BatterySnapdragon 7 Gen 3 Processor1 Year Warranty on Handset and 6 Months Warranty on Accessories,"₹42,999",4.6
"Xiaomi 12 Pro 5G (Noir Black, 256 GB)",8 GB RAM | 256 GB ROM17.09 cm (6.73 inch) Full HD+ Display50MP + 50MP + 50MP | 32MP Front Camera4600 mAh Lithium Polymer BatterySnapdragon 8 Gen 1 Processor1 Year Manufacturer Warranty for Phone and 6 Months Warranty for In the Box Accessories,"₹37,999",4.1
"SAMSUNG Galaxy S23 FE (Mint, 256 GB)",8 GB RAM | 256 GB ROM16.26 cm (6.4 inch) Full HD+ Display50MP + 12MP | 10MP Front Camera4500 mAh BatterySamsung Exynos 2200 Processor1 Year Manufacturer Warranty for Device and 6 Months for In-Box Accessories,"₹37,999",4.4
"Xiaomi 12 Pro 5G (Couture Blue, 256 GB)",8 GB RAM | 256 GB ROM17.09 cm (6.73 inch) Full HD+ Display50MP + 50MP + 50MP | 32MP Front Camera4600 mAh Lithium Polymer BatterySnapdragon 8 Gen 1 Processor1 Year Manufacturer Warranty for Phone and 6 Months Warranty for In the Box Accessories,"₹37,999",4.1
"OnePlus 11 5G (Titan Black, 128 GB)",8 GB RAM | 128 GB ROM17.02 cm (6.7 inch) Display50MP Rear Camera | 16MP Front Camera5000 mAh Batterydomestic warranty of 12 months on phone & 6 months on accessories,"₹40,889",4.4
"Samsung Galaxy S21 FE 5G with Snapdragon 888 (Olive, 256 GB)",8 GB RAM | 256 GB ROM16.26 cm (6.4 inch) Full HD+ Display12MP + 12MP + 8MP (OIS) | 32MP Front Camera4500 mAh Lithium-ion BatterySnapdragon 888 Processor1 Year Manufacturer Warranty for Device and 6 Months Manufacturer Warranty for In-Box Accessories,"₹39,990",4.3
"Apple iPhone 14 (Blue, 128 GB)","128 GB ROM15.49 cm (6.1 inch) Super Retina XDR Display12MP + 12MP | 12MP Front CameraA15 Bionic Chip, 6 Core Processor Processor1 year warranty for phone and 1 year warranty for in Box Accessories.","₹52,499",4.6
"Xiaomi 12 Pro 5G (Couture Blue, 256 GB)",12 GB RAM | 256 GB ROM17.09 cm (6.73 inch) Full HD+ Display50MP + 50MP + 50MP | 32MP Front Camera4600 mAh Lithium Polymer BatterySnapdragon 8 Gen 1 Processor1 Year Manufacturer Warranty for Phone and 6 Months Warranty for In the Box Accessories,"₹41,999",4.1
"SAMSUNG Galaxy A54 5G (Awesome White, 256 GB)","8 GB RAM | 256 GB ROM | Expandable Upto 1 TB16.26 cm (6.4 inch) Full HD+ Display50MP + 12MP + 5MP | 32MP Front Camera5000 mAh BatteryExynos 1380, Octa Core Processor1 Year Manufacturer Warranty for Device and 6 Months Manufacturer Warranty for In-Box Accessories","₹37,499",4.3
"vivo X80 (Cosmic Black, 128 GB)",8 GB RAM | 128 GB ROM17.22 cm (6.78 inch) Full HD+ Display50MP + 12MP + 12MP | 32MP Front Camera4500 mAh Lithium BatteryMediatek Dimensity 9000 Processor1 Year on Handset and 6 Months on Accessories,"₹54,999",4.4
"Apple iPhone 12 (White, 64 GB)","64 GB ROM15.49 cm (6.1 inch) Super Retina XDR Display12MP + 12MP | 12MP Front CameraA14 Bionic Chip with Next Generation Neural Engine ProcessorCeramic ShieldIndustry-leading IP68 Water ResistanceAll Screen OLED Display12MP TrueDepth Front Camera with Night Mode, 4K Dolby Vision HDR Recording1 year warranty for phone and 1 year warranty for in Box Accessories.","₹48,900",4.6
"SAMSUNG Galaxy A54 5G (Awesome Graphite, 256 GB)","8 GB RAM | 256 GB ROM | Expandable Upto 1 TB16.26 cm (6.4 inch) Full HD+ Display50MP + 12MP + 5MP | 32MP Front Camera5000 mAh BatteryExynos 1380, Octa Core Processor1 Year Manufacturer Warranty for Device and 6 Months Manufacturer Warranty for In-Box Accessories","₹39,495",4.3
"vivo X90 (Asteroid Black, 256 GB)",12 GB RAM | 256 GB ROM17.22 cm (6.78 inch) Full HD+ Display50MP + 12MP + 12MP | 32MP Front Camera4810 mAh BatteryDimensity 9200 Processor1 Year Handset and 6 Months Accessories,"₹48,778",4.3
"Xiaomi 12 Pro 5G (Opera Mauve, 256 GB)",8 GB RAM | 256 GB ROM17.09 cm (6.73 inch) Full HD+ Display50MP + 50MP + 50MP | 32MP Front Camera4600 mAh Lithium Polymer BatterySnapdragon 8 Gen 1 Processor1 Year Manufacturer Warranty for Phone and 6 Months Warranty for In the Box Accessories,"₹37,990",4.1
"SAMSUNG Galaxy S23 5G (Cream, 128 GB)",8 GB RAM | 128 GB ROM15.49 cm (6.1 inch) Full HD+ Display50MP + 10MP + 12MP | 12MP Front Camera3900 mAh Lithium Ion BatteryQualcomm Snapdragon 8 Gen 2 Processor1 Year Manufacturer Warranty for Device and 6 Months Manufacturer Warranty for In-Box Accessories,"₹44,999",4.6
"Nothing Phone (3a) (Blue, 256 GB)",8 GB RAM | 256 GB ROM17.2 cm (6.77 inch) Full HD+ Display50MP (Main) + 50MP (2X Tele Photo) + 8MP (Ultra-Wide) | 32MP Front Camera5000 mAh Battery7s Gen3 Processor1 Year Manufacturing Warranty,"₹26,999",4.5
"Nothing Phone (3a) Pro (Black, 256 GB)",8 GB RAM | 256 GB ROM17.2 cm (6.77 inch) Full HD+ Display50MP (Main) + 50MP (3X Periscope)+ 8MP (Ultra-Wide) | 50MP Front Camera5000 mAh Battery7s Gen3 Processor1 Year Manufacturing Warranty,"₹31,999",4.5
"IQOO Neo9 Pro (Conqueror Black, 128 GB)",8 GB RAM | 128 GB ROM17.22 cm (6.78 inch) Display50MP Rear Camera5160 mAh Battery1 Year,"₹38,000",4.5
"Apple iPhone XR (Black, 64 GB) (Includes EarPods, Power Adapter)",64 GB ROM15.5 cm (6.102 inch) Display12MP Rear Camera | 7MP Front CameraA12 Bionic Chip ProcessoriOS 13 Compatible1 year warranty for phone and 1 year warranty for in Box Accessories.,"₹47,900",4.6
"OnePlus 12 (Flowy Emerald, 256 GB)",12 GB RAM | 256 GB ROM17.32 cm (6.82 inch) Display64MP Rear Camera5400 mAh Battery1 Year Brand Warranty,"₹52,780",4.6
"Google Pixel 6a (Chalk, 128 GB)",6 GB RAM | 128 GB ROM15.6 cm (6.14 inch) Full HD+ Display12.2MP + 12MP | 8MP Front Camera4410 mAh BatteryGoogle Tensor Processor1 Year Brand Warranty,"₹43,999",4.3
"OnePlus 11 5G (Eternal Green, 128 GB)",8 GB RAM | 128 GB ROM17.02 cm (6.7 inch) Display50MP Rear Camera5000 mAh Batterydomestic warranty of 12 months on phone & 6 months on accessories,"₹36,781",4.4
"Google Pixel 7a (Coral, 128 GB)",8 GB RAM | 128 GB ROM15.49 cm (6.1 inch) Full HD+ Display64MP (OIS) + 13MP | 13MP Front Camera4300 mAh BatteryTensor G2 Processor1 Year Domestic Warranty,"₹43,999",4.1
"vivo V40 5G (Ganges Blue, 256 GB)",8 GB RAM | 256 GB ROM17.22 cm (6.78 inch) Full HD+ Display50MP + 50MP | 50MP Front Camera5500 mAh BatterySnapdragon 7 Gen 3 Processor1 Year Warranty on Handset and 6 Months Warranty on Accessories,"₹36,999",4.5
"Apple iPhone SE (Black, 64 GB) (Includes EarPods, Power Adapter)","64 GB ROM11.94 cm (4.7 inch) Retina HD Display12MP Rear Camera | 7MP Front CameraA13 Bionic Chip with 3rd Gen Neural Engine ProcessorWater and Dust Resistant (1 meter for Upto 30 minutes, IP67)Fast Charge CapableWireless charging (Works with Qi Chargers | Qi Chargers are Sold Separately1 year warranty for phone and 1 year warranty for in Box Accessories.","₹39,900",4.5
"OPPO Reno 12 Pro 5G (Sunset Gold, 256 GB)",12 GB RAM | 256 GB ROM | Expandable Upto 1 TB17.02 cm (6.7 inch) Full HD+ Display50MP + 8MP + 50MP | 50MP Front Camera5000 mAh BatteryDimensity 7300 Energy Processor1 Year Manufacturer Warranty for Device and 6 Months Manufacturer Warranty for Inbox Accessories,"₹36,999",4.4
"IQOO Neo 9 Pro (Conqueror Black, 256 GB)",8 GB RAM | 256 GB ROM17.22 cm (6.78 inch) Display50MP Rear Camera5160 mAh Battery1 Year on Handset and 6 Months on Accessories,"₹38,999",4.6
"realme X50 Pro (Moss Green, 256 GB)",12 GB RAM | 256 GB ROM16.36 cm (6.44 inch) Full HD+ Display64MP + 12MP + 8MP + 2MP | 32MP + 8MP Dual Front Camera4200 mAh Battery5G PhoneQualcomm Snapdragon 865 Processor65W Superdart ChargeBrand Warranty of 1 Year Available for Mobile and 6 Months for Accessories,"₹47,999",4.4
"MOTOROLA razr 40 (Vanilla Cream, 256 GB)",8 GB RAM | 256 GB ROM17.53 cm (6.9 inch) Display64MP Rear Camera4200 mAh BatteryBrand Warranty of 1 Year Available for Mobile and 6 Months for Accessories,"₹54,990",4
"Google Pixel 6a (Charcoal, 128 GB)",6 GB RAM | 128 GB ROM15.6 cm (6.14 inch) Full HD+ Display12.2MP + 12MP | 8MP Front Camera4410 mAh BatteryGoogle Tensor Processor1 Year Brand Warranty,"₹43,999",4.3
"SAMSUNG Galaxy A73 5G (Awesome Gray, 128 GB)",8 GB RAM | 128 GB ROM | Expandable Upto 1 TB17.02 cm (6.7 inch) Full HD+ Display108MP + 12MP + 5MP + 5MP | 32MP Front Camera5000 mAh Li-ion BatteryQualcomm Snapdragon 778G Processor1 Year Manufacturer Warranty for Device and 6 Months Manufacturer Warranty for In-Box,"₹41,999",4.2
"Google Pixel 7 Pro (Hazel, 128 GB)",12 GB RAM | 128 GB ROM17.02 cm (6.7 inch) Quad HD+ Display50MP + 48MP + 12MP | 10.8MP Front Camera4926 mAh BatteryGoogle Tensor G2 Processor1 Year Domestic Warranty,"₹44,999",4.3
"Apple iPhone XR (White, 64 GB) (Includes EarPods, Power Adapter)",64 GB ROM15.49 cm (6.1 inch) Display12MP Rear Camera | 7MP Front CameraA12 Bionic Chip ProcessoriOS 13 Compatible1 year warranty for phone and 1 year warranty for in Box Accessories.,"₹47,900",4.6
"Apple iPhone XR (Yellow, 64 GB) (Includes EarPods, Power Adapter)",64 GB ROM15.49 cm (6.1 inch) Display12MP Rear Camera | 7MP Front CameraA12 Bionic Chip ProcessoriOS 13 Compatible1 year warranty for phone and 1 year warranty for in Box Accessories.,"₹47,900",4.6
"realme 14 Pro+ 5G (Suede Grey, 512 GB)",12 GB RAM | 512 GB ROM17.35 cm (6.83 inch) Display50MP + 50MP + 8MP | 32MP Front Camera6000 mAh Battery7s Gen 3 Mobile Platform Processor1 Year Manufacturer Warranty for Device and 6 Months Manufacturer Warranty for Inbox Accessories,"₹37,999",4.4
"Nothing Phone (3a) (Black, 128 GB)",8 GB RAM | 128 GB ROM17.2 cm (6.77 inch) Full HD+ Display50MP (Main) + 50MP (2X Tele Photo) + 8MP (Ultra-Wide) | 32MP Front Camera5000 mAh Battery7s Gen3 Processor1 Year Manufacturing Warranty,"₹24,999",4.5
"Nothing Phone (3a) Pro (Black, 256 GB)",8 GB RAM | 256 GB ROM17.2 cm (6.77 inch) Full HD+ Display50MP (Main) + 50MP (3X Periscope)+ 8MP (Ultra-Wide) | 50MP Front Camera5000 mAh Battery7s Gen3 Processor1 Year Manufacturing Warranty,"₹31,999",4.5
"Apple iPhone XR (White, 64 GB) (Includes EarPods, Power Adapter)",64 GB ROM15.49 cm (6.1 inch) Display12MP Rear Camera | 7MP Front CameraA12 Bionic Chip ProcessoriOS 13 Compatible1 year warranty for phone and 1 year warranty for in Box Accessories.,"₹47,900",4.6
"Apple iPhone XR (Yellow, 64 GB) (Includes EarPods, Power Adapter)",64 GB ROM15.49 cm (6.1 inch) Display12MP Rear Camera | 7MP Front CameraA12 Bionic Chip ProcessoriOS 13 Compatible1 year warranty for phone and 1 year warranty for in Box Accessories.,"₹47,900",4.6
"vivo T4x 5G (Pronto Purple, 128 GB)",6 GB RAM | 128 GB ROM17.07 cm (6.72 inch) Display50MP + 2MP | 8MP Front Camera6500 mAh BatteryDimensity 7300 5G Processor1 Year Warranty for Device and 6 Months Warranty for Accessories,"₹13,999",4.5
"SAMSUNG Galaxy F05 (Twilight Blue, 64 GB)",4 GB RAM | 64 GB ROM | Expandable Upto 1 TB17.12 cm (6.74 inch) HD+ Display50MP + 2MP | 8MP Front Camera5000 mAh BatteryHelio G85 Processor1 Year Manufacturer Warranty for Device and 6 Months for In-Box Accessories,"₹6,499",4.2
"vivo T4x 5G (Pronto Purple, 256 GB)",8 GB RAM | 256 GB ROM17.07 cm (6.72 inch) Display50MP + 2MP | 8MP Front Camera6500 mAh BatteryDimensity 7300 5G Processor1 Year Warranty for Device and 6 Months Warranty for Accessories,"₹16,999",4.5
"vivo T4x 5G (Pronto Purple, 128 GB)",8 GB RAM | 128 GB ROM17.07 cm (6.72 inch) Display50MP + 2MP | 8MP Front Camera6500 mAh BatteryDimensity 7300 5G Processor1 Year Warranty for Device and 6 Months Warranty for Accessories,"₹14,999",4.5
"realme 14 Pro+ 5G (Suede Grey, 512 GB)",12 GB RAM | 512 GB ROM17.35 cm (6.83 inch) Display50MP + 50MP + 8MP | 32MP Front Camera6000 mAh Battery7s Gen 3 Mobile Platform Processor1 Year Manufacturer Warranty for Device and 6 Months Manufacturer Warranty for Inbox Accessories,"₹37,999",4.4
"vivo T4x 5G (Marine Blue, 128 GB)",8 GB RAM | 128 GB ROM17.07 cm (6.72 inch) Display50MP + 2MP | 8MP Front Camera6500 mAh BatteryDimensity 7300 5G Processor1 Year Warranty for Device and 6 Months Warranty for Accessories,"₹14,999",4.5
"OnePlus Nord CE4 lite 5G (ULTRA ORANGE, 128 GB)",8 GB RAM | 128 GB ROM16.94 cm (6.67 inch) Display50MP Rear Camera5500 mAh Battery1 year,"₹16,557",4.4
"SAMSUNG Galaxy A56 5G (Awesome Olive, 256 GB)",8 GB RAM | 256 GB ROM17.02 cm (6.7 inch) Full HD+ Display50MP + 12MP + 5MP | 12MP Front Camera5000 mAh BatterySamsung Exynos 1580 Processor1 Year Manufacturer Warranty for Device and 6 Months for In-Box Accessories,"₹41,999",4.3
"Xiaomi 14 CIVI (Cruise Blue, 256 GB)",8 GB RAM | 256 GB ROM16.64 cm (6.55 inch) Display50MP Rear Camera | 32MP + 32MP Dual Front Camera4700 mAh Battery8s Gen 3 Mobile Platform Processor1 Year Manufacturer Warranty for Phone and 6 Months Warranty for In the Box Accessories,"₹36,999",4.3
"Xiaomi 14 CIVI (Shadow Black, 512 GB)",12 GB RAM | 512 GB ROM16.64 cm (6.55 inch) Display50MP Rear Camera | 32MP + 32MP Dual Front Camera4700 mAh Battery8s Gen 3 Mobile Platform Processor1 Year Manufacturer Warranty for Phone and 6 Months Warranty for In the Box Accessories,"₹38,999",4.3
"OnePlus 13R 5G (Astral Trail, 512 GB)",16 GB RAM | 512 GB ROM17.22 cm (6.78 inch) Display50MP Rear Camera6000 mAh Battery1 year manufacturer warranty for device and 1 year manufacturer warranty for in-box accessories including batteries from the date of purchase,"₹44,634",4.5
"OnePlus 13R 5g (Astral Trail, 256 GB)",12 GB RAM | 256 GB ROM17.22 cm (6.78 inch) Display50MP Rear Camera6000 mAh Battery1 year manufacturer warranty for device and 1 year manufacturer warranty for in-box accessories including batteries from the date of purchase,"₹40,590",4.5
"IQOO 12 5G (Alpha, 256 GB)",12 GB RAM | 256 GB ROM17.22 cm (6.78 inch) Display50MP Rear Camera5000 mAh Battery1 Year Brand Warranty,"₹47,550",4.6
"OnePlus Nord 4 5G (Obsidian Midnight, 256 GB)",12 GB RAM | 256 GB ROM17.12 cm (6.74 inch) Display50MP Rear Camera5500 mAh Battery1 Year,"₹35,920",4.5
"IQOO 12 5G (Legend, 256 GB)",12 GB RAM | 256 GB ROM17.22 cm (6.78 inch) Display50MP Rear Camera5000 mAh Battery1 Year Brand Warranty,"₹46,660",4.6
"IQOO 12 5G (Legend, 512 GB)",16 GB RAM | 512 GB ROM17.22 cm (6.78 inch) Display50MP Rear Camera5000 mAh Battery1 Year Brand Warranty,"₹49,898",4.4
"OnePlus 12R (Cool Blue, 256 GB)","8 GB RAM | 256 GB ROM17.22 cm (6.78 inch) Display50MP Rear Camera5500 mAh Battery1 Year Warranty
1 year manufacturer warranty for device and 1 year manufacturer warranty for in-box accessories including batteries from the date of purchase","₹37,695",4.5
"IQOO Neo9 Pro (Fiery Red, 256 GB)",8 GB RAM | 256 GB ROM17.22 cm (6.78 inch) Display50MP Rear Camera5160 mAh Battery1 Year,"₹37,877",4.5
"IQOO NEO9 PRO (Fiery Red, 256 GB)",12 GB RAM | 256 GB ROM17.22 cm (6.78 inch) Display50MP Rear Camera5160 mAh Battery1 Year,"₹37,249",4.5
"OnePlus 10 Pro 5G (Emeald Forest, 256 GB)",12 GB RAM | 256 GB ROM17.02 cm (6.7 inch) Display48MP Rear Camera | 32MP Front Camera5000 mAh Battery12 months,"₹39,710",4
"OnePlus Nord 3 5G (Misty Green, 256 GB)",16 GB RAM | 256 GB ROM17.12 cm (6.74 inch) Display50MP Rear Camera5000 mAh BatteryDomestic 1 Year of Device & 6 Months for In-Box Accessories,"₹37,630",4.4
"SAMSUNG Galaxy S23 FE (Purple, 256 GB)",8 GB RAM | 256 GB ROM16.26 cm (6.4 inch) Full HD+ Display50MP + 12MP | 10MP Front Camera4500 mAh BatteryExynos 2200 Processor1 Year Manufacturer Warranty for Device and 6 Months for In-Box Accessories,"₹37,999",4.4
"Apple iPhone 13 (Green, 128 GB)",128 GB ROM15.49 cm (6.1 inch) Super Retina XDR Display12MP + 12MP | 12MP Front CameraA15 Bionic Chip Processor1 year warranty for phone and 1 year warranty for in Box Accessories.,"₹44,999",4.6
"SAMSUNG Galaxy S23 5G (Lavender, 128 GB)",8 GB RAM | 128 GB ROM15.49 cm (6.1 inch) Full HD+ Display50MP + 10MP + 12MP | 12MP Front Camera3900 mAh Lithium Ion BatteryQualcomm Snapdragon 8 Gen 2 Processor1 Year Manufacturer Warranty for Device and 6 Months Manufacturer Warranty for In-Box Accessories,"₹44,999",4.6
"OnePlus 11R 5G (Galactic Silver, 256 GB)",16 GB RAM | 256 GB ROM17.02 cm (6.7 inch) Display50MP Rear Camera | 16MP Front Camera5000 mAh BatteryDomestic warranty of 12 months on phone & 6 months on accessories,"₹33,916",4.5
"OnePlus 11 5G (Marble Odyssey, 256 GB)",16 GB RAM | 256 GB ROM17.02 cm (6.7 inch) Display50MP Rear Camera5000 mAh Battery1 Year Warranty For Phone and 6 Months Warranty for in-box Accessories,"₹48,999",4.5
"vivo V30 5G (Andaman Blue, 256 GB)",8 GB RAM | 256 GB ROM17.22 cm (6.78 inch) Full HD+ Display50MP + 50MP | 50MP Front Camera5000 mAh Battery7 Gen 3 Processor1 Year Manufacturer Warranty for Device and 6 Months Manufacturer Warranty for Inbox Accessories,"₹31,449",4.5
"OPPO Reno10 Pro+ 5G (Glossy Purple, 256 GB)",12 GB RAM | 256 GB ROM17.12 cm (6.74 inch) Full HD+ Display50MP + 64MP + 8MP | 32MP Front Camera4700 mAh BatterySnapdragon 8+ Gen 1 Processor1 Year Manufacturer Warranty for Phone and 6 Months Warranty for In the Box Accessories,"₹54,999",4.5
"OPPO Reno 12 Pro 5G (Space Brown, 256 GB)",12 GB RAM | 256 GB ROM | Expandable Upto 1 TB17.02 cm (6.7 inch) Full HD+ Display50MP + 8MP + 50MP | 50MP Front Camera5000 mAh BatteryDimensity 7300 Energy Processor1 Year Manufacturer Warranty for Device and 6 Months Manufacturer Warranty for Inbox Accessories,"₹36,999",4.4
"vivo X70 Pro (Aurora Dawn, 256 GB)",8 GB RAM | 256 GB ROM16.66 cm (6.56 inch) Full HD+ Display50MP + 12MP + 12MP + 8MP | 32MP Front Camera4450 mAh BatteryMediaTek Dimensity 1200 Processor1 Year for Handset and 6 Months for In-box Accessories,"₹49,990",4.5
"OnePlus 12R (Sunset Dune, 128 GB)",8 GB RAM | 128 GB ROM17.22 cm (6.78 inch) Display50MP Rear Camera5500 mAh Battery1 Year Brand Warranty,"₹39,999",4.5
"SAMSUNG Galaxy S23 FE (Cream, 256 GB)",8 GB RAM | 256 GB ROM16.26 cm (6.4 inch) Full HD+ Display50MP + 12MP | 10MP Front Camera4500 mAh BatterySamsung Exynos 2200 Processor1 Year Manufacturer Warranty for Device and 6 Months for In-Box Accessories,"₹37,999",4.4
"OnePlus 11 5G (Titan Black, 256 GB)",16 GB RAM | 256 GB ROM17.02 cm (6.7 inch) Display50MP Rear Camera | 16MP Front Camera5000 mAh Batterydomestic warranty of 12 months on phone & 6 months on accessories,"₹44,999",4.5
"vivo X70 Pro (Cosmic Black, 256 GB)",8 GB RAM | 256 GB ROM16.66 cm (6.56 inch) Full HD+ Display50MP + 12MP + 12MP + 8MP | 32MP Front Camera4450 mAh BatteryMediaTek Dimensity 1200 Processor1 Year for Handset and 6 Months for In-box Accessories,"₹49,990",4.5
"vivo X90 (Breeze Blue, 256 GB)",12 GB RAM | 256 GB ROM17.22 cm (6.78 inch) Full HD+ Display50MP + 12MP + 12MP | 32MP Front Camera4810 mAh BatteryDimensity 9200 Processor1 Year Handset and 6 Months Accessories,"₹50,499",4.3
"IQOO Neo 9 Pro (Conqueror Black, 256 GB)",12 GB RAM | 256 GB ROM17.22 cm (6.78 inch) Display50MP Rear Camera5160 mAh Battery1 Year,"₹39,990",4.7
"vivo V30 5G (Classic Black, 256 GB)",12 GB RAM | 256 GB ROM17.22 cm (6.78 inch) Full HD+ Display50MP + 50MP | 50MP Front Camera5000 mAh Battery7 Gen 3 Processor1 Year Manufacturer Warranty for Device and 6 Months Manufacturer Warranty for Inbox Accessories,"₹30,990",4.5
"IQOO 9T 5G (ALPHA, 128 GB)",8 GB RAM | 128 GB ROM17.22 cm (6.78 inch) Display50MP Rear Camera4700 mAh Battery1 Year,"₹54,800",4.1
"OnePlus 10T 5G (Moonstone Black, 256 GB)",16 GB RAM | 256 GB ROM17.02 cm (6.7 inch) Display50MP Rear Camera4800 mAh Battery12 Months,"₹45,999",4
"OnePlus 7T Pro Mclaren Limited Edition (Papaya Orange, 256 GB)",12 GB RAM | 256 GB ROM16.94 cm (6.67 inch) Display48MP Rear Camera | 8MP Front Camera4085 mAh Battery1 year manufacturer warranty for device and 6 months manufacturer warranty for in-box accessories including batteries from the date of purchase,"₹44,990",4.1
"Apple iPhone 14 (Yellow, 128 GB)","128 GB ROM15.49 cm (6.1 inch) Super Retina XDR Display12MP + 12MP | 12MP Front CameraA15 Bionic Chip, 6 Core Processor Processor1 year warranty for phone and 1 year warranty for in Box Accessories.","₹52,499",4.6
"vivo X70 Pro (Cosmic Black, 128 GB)",8 GB RAM | 128 GB ROM16.66 cm (6.56 inch) Full HD+ Display50MP + 12MP + 12MP + 8MP | 32MP Front Camera4450 mAh BatteryMediaTek Dimensity 1200 Processor1 Year for Handset and 6 Months for In-box Accessories,"₹46,990",4.5
"OnePlus 10 Pro 5G (Volcanic Black, 256 GB)",12 GB RAM | 256 GB ROM17.02 cm (6.7 inch) Display48MP Rear Camera5000 mAh Battery1 Year Manufacturer Warranty for Handset and 6 Months Warranty for In the Box Accessories,"₹41,999",4
"OnePlus 10T 5G (Jade Green, 256 GB)",12 GB RAM | 256 GB ROM17.02 cm (6.7 inch) Display50MP Rear Camera4800 mAh Battery1 year manufacturer warranty for device and 6 months manufacturer warranty for in-box accessories including batteries from the date of purchase,"₹36,499",4.2
"OPPO Reno10 Pro 5G (Glossy Purple, 256 GB)",12 GB RAM | 256 GB ROM17.02 cm (6.7 inch) Full HD+ Display50MP + 32MP + 8MP | 32MP Front Camera4600 mAh BatterySnapdragon 778G 5G Processor1 Year Manufacturer Warranty for Phone and 6 Months Warranty for In the Box Accessories,"₹37,999",4.3
"realme GT Neo 3 (Asphalt Black, 256 GB)",8 GB RAM | 256 GB ROM17.02 cm (6.7 inch) Full HD+ Display50MP + 8MP + 2MP | 16MP Front Camera5000 mAh Lithium Ion BatteryMediatek Dimensity 8100 Processor1 Year Manufacturer Warranty for Phone and 6 Months Warranty for In-Box Accessories,"₹38,999",4.2
"vivo V29 Pro 5G (Black, 256 GB)",8 GB RAM | 256 GB ROM17.22 cm (6.78 inch) Full HD+ AMOLED Display50MP + 12MP + 8MP | 50MP Front Camera4600 mAh BatteryDimensity 8200 Processor1 Year Manufacturer Warranty for Phone and 6 Months Warranty for In the Box Accessories,"₹39,999",4.5
"OPPO Reno 12 Pro 5G (Manish Malhotra Limited Edition, 256 GB)",12 GB RAM | 256 GB ROM | Expandable Upto 1 TB17.02 cm (6.7 inch) Full HD+ Display50MP + 8MP + 50MP | 50MP Front Camera5000 mAh BatteryDimensity 7300 Energy Processor1 Year Manufacturer Warranty for Device and 6 Months Manufacturer Warranty for Inbox Accessories,"₹36,999",4.4
"vivo V23 Pro 5G (Stardust Black, 256 GB)",12 GB RAM | 256 GB ROM16.66 cm (6.56 inch) Full HD+ Display108MP + 8MP + 2MP | 50MP + 8MP Dual Front Camera4300 mAh Lithium BatteryMediatek Dimensity 1200 Processor1 Year Manufacturer Warranty for Phone and 6 Months Warranty for In the Box Accessories,"₹35,000",4.2
"vivo V25 Pro 5G (Sailing Blue, 128 GB)",8 GB RAM | 128 GB ROM16.66 cm (6.56 inch) Full HD+ Display64MP + 8MP + 2MP | 32MP Front Camera4830 mAh Lithium BatteryMediatek Dimensity 1300 ProcessorColor Changing Fluorite AG Glass Design120 Hz 3D Curve Display1 Year on Handset and 6 Months on Accessories,"₹35,999",4.3
"vivo V25 Pro 5G (Pure Black, 128 GB)",8 GB RAM | 128 GB ROM16.66 cm (6.56 inch) Full HD+ Display64MP + 8MP + 2MP | 32MP Front Camera4830 mAh Lithium BatteryMediatek Dimensity 1300 ProcessorColor Changing Fluorite AG Glass Design120 Hz 3D Curve Display1 Year on Handset and 6 Months on Accessories,"₹35,999",4.3
"vivo V23 Pro 5G (Sunshine Gold, 128 GB)",8 GB RAM | 128 GB ROM16.66 cm (6.56 inch) Full HD+ Display108MP + 8MP + 2MP | 50MP + 8MP Dual Front Camera4300 mAh Lithium BatteryMediatek Dimensity 1200 Processor1 Year Manufacturer Warranty for Phone and 6 Months Warranty for In the Box Accessories,"₹38,990",4.3
"REDMI Note-14 Pro+ 5G (Spectre Blue, 512 GB)",12 GB RAM | 512 GB ROM16.94 cm (6.67 inch) Display50MP + 50MP + 8MP | 20MP Front Camera6200 mAh Battery7s Gen 3 Processor1 Year Manufacturer Warranty for Phone and 6 Months Warranty for In the Box Accessories,"₹34,980",4.6
"vivo V23 Pro 5G (Stardust Black, 128 GB)",8 GB RAM | 128 GB ROM | Expandable Upto 12 GB16.66 cm (6.56 inch) Full HD+ Display108MP + 8MP + 2MP | 50MP + 8MP Dual Front Camera4300 mAh Lithium BatteryMediatek Dimensity 1200 Processor1 Year Manufacturer Warranty for Phone and 6 Months Warranty for In the Box Accessories,"₹38,990",4.3
"Xiaomi 12 Pro 5G (Noir Black, 256 GB)",8 GB RAM | 256 GB ROM17.09 cm (6.73 inch) Full HD+ Display50MP + 50MP + 50MP | 32MP Front Camera4600 mAh Lithium Polymer BatterySnapdragon 8 Gen 1 Processor1 Year Manufacturer Warranty for Phone and 6 Months Warranty for In the Box Accessories,"₹37,999",4.1
"Xiaomi 12 Pro 5G (Couture Blue, 256 GB)",8 GB RAM | 256 GB ROM17.09 cm (6.73 inch) Full HD+ Display50MP + 50MP + 50MP | 32MP Front Camera4600 mAh Lithium Polymer BatterySnapdragon 8 Gen 1 Processor1 Year Manufacturer Warranty for Phone and 6 Months Warranty for In the Box Accessories,"₹37,999",4.1
"OPPO Reno 12 Pro 5G (Sunset Gold, 256 GB)",12 GB RAM | 256 GB ROM | Expandable Upto 1 TB17.02 cm (6.7 inch) Full HD+ Display50MP + 8MP + 50MP | 50MP Front Camera5000 mAh BatteryDimensity 7300 Energy Processor1 Year Manufacturer Warranty for Device and 6 Months Manufacturer Warranty for Inbox Accessories,"₹36,999",4.4
"realme GT Neo 3 (Nitro Blue, 128 GB)",8 GB RAM | 128 GB ROM17.02 cm (6.7 inch) Full HD+ Display50MP + 8MP + 2MP | 16MP Front Camera5000 mAh Lithium Ion BatteryMediatek Dimensity 8100 Processor1 Year Manufacturer Warranty for Phone and 6 Months Warranty for In-Box Accessories,"₹36,999",4.2
"Mi 10T (Cosmic Black, 128 GB)",8 GB RAM | 128 GB ROM16.94 cm (6.67 inch) Full HD+ Display64MP + 13MP + 5MP | 20MP Front Camera5000 mAh Li-ion Polymer BatteryQualcomm Snapdragon 865 Processor144Hz Intelligent AdaptiveSync Display33W Dual Split Flash Charge1 Year Manufacturer Warranty for Device and 6 Months Manufacturer Warranty for In-box Accessories,"₹37,999",4.1
"SAMSUNG Galaxy A54 5G (Awesome Lime, 256 GB)","8 GB RAM | 256 GB ROM | Expandable Upto 1 TB16.26 cm (6.4 inch) Full HD+ Display50MP + 12MP + 5MP | 32MP Front Camera5000 mAh BatteryExynos 1380, Octa Core Processor1 Year Manufacturer Warranty for Device and 6 Months Manufacturer Warranty for In-Box Accessories","₹37,499",4.3
"IQOO Neo 9 Pro (Conqueror Black, 256 GB)",8 GB RAM | 256 GB ROM17.22 cm (6.78 inch) Display50MP Rear Camera5160 mAh Battery1 Year on Handset and 6 Months on Accessories,"₹38,999",4.6
"Samsung Galaxy S21 FE 5G with Snapdragon 888 (Olive, 256 GB)",8 GB RAM | 256 GB ROM16.26 cm (6.4 inch) Full HD+ Display12MP + 12MP + 8MP (OIS) | 32MP Front Camera4500 mAh Lithium-ion BatterySnapdragon 888 Processor1 Year Manufacturer Warranty for Device and 6 Months Manufacturer Warranty for In-Box Accessories,"₹39,990",4.3
"Tecno Camon 30 Premier 5G (Lava Black, 512 GB)",12 GB RAM | 512 GB ROM | Expandable Upto 1 TB16.94 cm (6.67 inch) Display50MP + 50MP + 50MP | 50MP Front Camera5000 mAh BatteryDimensity 8200 5G Processor1 Year Manufacturer Warranty for Phone,"₹39,999",4.2
"SAMSUNG Galaxy A54 5G (Awesome Graphite, 256 GB)","8 GB RAM | 256 GB ROM | Expandable Upto 1 TB16.26 cm (6.4 inch) Full HD+ Display50MP + 12MP + 5MP | 32MP Front Camera5000 mAh BatteryExynos 1380, Octa Core Processor1 Year Manufacturer Warranty for Device and 6 Months Manufacturer Warranty for In-Box Accessories","₹39,495",4.3
"Tecno Camon 30 Premier 5G (Snowy Silver, 512 GB)",12 GB RAM | 512 GB ROM | Expandable Upto 1 TB16.94 cm (6.67 inch) Display50MP + 50MP + 50MP | 50MP Front Camera5000 mAh BatteryDimensity 8200 5G Processor1 Year Manufacturer Warranty for Phone,"₹39,999",4.2
"IQOO Neo9 Pro (Conqueror Black, 128 GB)",8 GB RAM | 128 GB ROM17.22 cm (6.78 inch) Display50MP Rear Camera5160 mAh Battery1 Year,"₹38,000",4.5
"SAMSUNG Galaxy A55 5G (Awesome Iceblue, 128 GB)",8 GB RAM | 128 GB ROM | Expandable Upto 1 TB16.76 cm (6.6 inch) Full HD+ Display50MP + 12MP + 5MP | 32MP Front Camera5000 mAh BatterySamsung Exynos 1480 Processor1 Year Manufacturer Warranty for Device and 6 Months for In-Box Accessories,"₹39,990",4.4
"OnePlus Nord 3 5G (Misty Green, 256 GB)",16 GB RAM | 256 GB ROM17.12 cm (6.74 inch) Display50MP Rear Camera5000 mAh BatteryDomestic 1 Year of Device & 6 Months for In-Box Accessories,"₹37,630",4.4
"SAMSUNG Galaxy S21 FE 5G (Lavender, 128 GB)",8 GB RAM | 128 GB ROM16.26 cm (6.4 inch) Full HD+ Display12MP + 12MP + 8MP (OIS) | 32MP Front Camera4500 mAh Lithium-ion Battery5nm Exynos 2100 Processor1 Year Manufacturer Warranty for Device and 6 Months Manufacturer Warranty for In-Box Accessories,"₹39,999",4.3
"vivo V29 Pro 5G (Blue, 256 GB)",12 GB RAM | 256 GB ROM17.22 cm (6.78 inch) Full HD+ AMOLED Display50MP + 12MP + 8MP | 50MP Front Camera4600 mAh BatteryDimensity 8200 Processor1 Year Manufacturer Warranty for Phone and 6 Months Warranty for In the Box Accessories,"₹38,768",4.5
"Apple iPhone SE (Black, 64 GB)","64 GB ROM11.94 cm (4.7 inch) Retina HD Display12MP Rear Camera | 7MP Front CameraA13 Bionic Chip with 3rd Gen Neural Engine ProcessorWater and Dust Resistant (1 meter for Upto 30 minutes, IP67)Fast Charge CapableWireless charging (Works with Qi Chargers | Qi Chargers are Sold Separately1 year warranty for phone and 1 year warranty for in Box Accessories.","₹39,900",4.5
"REDMI Note-14 Pro+ 5G (Titan Black, 512 GB)",12 GB RAM | 512 GB ROM16.94 cm (6.67 inch) Display50MP + 50MP + 8MP | 20MP Front Camera6200 mAh Battery7s Gen 3 Processor1 Year Manufacturer Warranty for Phone and 6 Months Warranty for In the Box Accessories,"₹35,999",4.6
"REDMI Note-14 Pro+ 5G (Phantom Purple, 512 GB)",12 GB RAM | 512 GB ROM16.94 cm (6.67 inch) Display50MP + 50MP + 8MP | 20MP Front Camera6200 mAh Battery7s Gen 3 Processor1 Year Manufacturer Warranty for Phone and 6 Months Warranty for In the Box Accessories,"₹35,999",4.6
"Xiaomi 12 Pro 5G (Opera Mauve, 256 GB)",8 GB RAM | 256 GB ROM17.09 cm (6.73 inch) Full HD+ Display50MP + 50MP + 50MP | 32MP Front Camera4600 mAh Lithium Polymer BatterySnapdragon 8 Gen 1 Processor1 Year Manufacturer Warranty for Phone and 6 Months Warranty for In the Box Accessories,"₹37,990",4.1
"Mi Mix 2 (Black, 128 GB)",6 GB RAM | 128 GB ROM15.21 cm (5.99 inch) Full HD+ Display12MP Rear Camera | 5MP Front Camera3400 mAh Li-polymer BatteryQualcomm Snapdragon 835 Octa Core 2.5 GHz ProcessorBrand Warranty of 1 Year Available for Mobile and 6 Months for Accessories,"₹37,999",4.3
"OPPO Reno8T 5G (Midnight Black, 128 GB)",8 GB RAM | 128 GB ROM | Expandable Upto 1 TB17.02 cm (6.7 inch) Full HD+ Display108MP + 2MP + 2MP | 32MP Front Camera4800 mAh Lithium-ion Polymer BatteryQualcomm Snapdragon 695 Processor67W SUPERVOOC TM Charger I Dual Stereo Speakers120Hz 3D Curved AMOLED Screen1 Year on Handset and 6 Months on Accessories,"₹38,999",4.3
"OPPO Reno8T 5G (Sunrise Gold, 128 GB)",8 GB RAM | 128 GB ROM | Expandable Upto 1 TB17.02 cm (6.7 inch) Full HD+ Display108MP + 2MP + 2MP | 32MP Front Camera4800 mAh Lithium-ion Polymer BatteryQualcomm Snapdragon 695 Processor67W SUPERVOOC TM Charger I Dual Stereo Speakers120Hz 3D Curved AMOLED Screen1 Year on Handset and 6 Months on Accessories,"₹38,999",4.3
"SAMSUNG Galaxy S21 FE 5G (White, 128 GB)",8 GB RAM | 128 GB ROM16.26 cm (6.4 inch) Full HD+ Display12MP + 12MP + 8MP (OIS) | 32MP Front Camera4500 mAh Lithium-ion Battery1 Year Manufacturer Warranty for Device and 6 Months Manufacturer Warranty for In-Box Accessories,"₹39,999",4.3
"vivo V29 5G (Red, 256 GB)",12 GB RAM | 256 GB ROM17.22 cm (6.78 inch) Full HD+ AMOLED Display50MP + 8MP + 2MP | 50MP Front Camera4600 mAh Battery778G Processor1 Year Manufacturer Warranty for Phone and 6 Months Warranty for In the Box Accessories,"₹36,999",4.5
"vivo V40 5G (Ganges Blue, 256 GB)",8 GB RAM | 256 GB ROM17.22 cm (6.78 inch) Full HD+ Display50MP + 50MP | 50MP Front Camera5500 mAh BatterySnapdragon 7 Gen 3 Processor1 Year Warranty on Handset and 6 Months Warranty on Accessories,"₹36,999",4.5
"OnePlus 11R 5G (Galactic Silver, 128 GB)",8 GB RAM | 128 GB ROM17.02 cm (6.7 inch) Display50MP Rear Camera5000 mAh BatteryDomestic warranty of 12 months on phone & 6 months on accessories,"₹36,990",4.5
"SAMSUNG Galaxy S21 FE 5G (Olive Green, 128 GB)",8 GB RAM | 128 GB ROM16.26 cm (6.4 inch) Full HD+ Display12MP + 12MP + 8MP (OIS) | 32MP Front Camera4500 mAh Lithium-ion Battery1 Year Manufacturer Warranty for Device and 6 Months Manufacturer Warranty for In-Box Accessories,"₹39,999",4.3
"OPPO RENO 13 5G (LUMINOUS BLUE, IVORY WHITE, 128 GB)",8 GB RAM | 128 GB ROM16.74 cm (6.59 inch) Display50MP Rear Camera5600 mAh Battery1 Year Warranty on Handset and 6 Months Warranty on Accessories,"₹35,999",4.3
"OPPO Reno8 5G (Shimmer Black, 128 GB)",8 GB RAM | 128 GB ROM16.33 cm (6.43 inch) Full HD Display50MP + 8MP + 2MP | 32MP Front Camera4500 mAh Lithium-ion Polymer BatteryMediatek Dimensity 1300 Processor1 Year Warranty for Phone and 6 Months Warranty for In-Box Accessories,"₹26,999",4.3
"SAMSUNG Galaxy S21 FE 5G (Graphite, 128 GB)",8 GB RAM | 128 GB ROM16.26 cm (6.4 inch) Full HD+ Display12MP + 12MP + 8MP (OIS) | 32MP Front Camera4500 mAh Lithium-ion Battery1 Year Manufacturer Warranty for Device and 6 Months Manufacturer Warranty for In-Box Accessories,"₹39,999",4.3
"OnePlus 10R (Sierra Black, 128 GB)",8 GB RAM | 128 GB ROM17.02 cm (6.7 inch) Display50MP Rear Camera | 16MP Front Camera5000 mAh Battery1 Year Manufacturer Warranty for Handset and 6 Months Warranty for In the Box Accessories,"₹38,999",4.3
"OnePlus 10R (Forest Green, 128 GB)",8 GB RAM | 128 GB ROM17.02 cm (6.7 inch) Display50MP Rear Camera | 16MP Front Camera5000 mAh Battery1 Year Manufacturer Warranty for Handset and 6 Months Warranty for In the Box Accessories,"₹39,900",4.5
"Apple iPhone SE (Black, 64 GB) (Includes EarPods, Power Adapter)","64 GB ROM11.94 cm (4.7 inch) Retina HD Display12MP Rear Camera | 7MP Front CameraA13 Bionic Chip with 3rd Gen Neural Engine ProcessorWater and Dust Resistant (1 meter for Upto 30 minutes, IP67)Fast Charge CapableWireless charging (Works with Qi Chargers | Qi Chargers are Sold Separately1 year warranty for phone and 1 year warranty for in Box Accessories.","₹39,999",4.2
"Mi 10T Pro (Cosmic Black, 128 GB)",8 GB RAM | 128 GB ROM16.94 cm (6.67 inch) Full HD+ Display108MP + 13MP + 5MP | 20MP Front Camera5000 mAh Li-ion Polymer BatteryQualcomm Snapdragon 865 Processor144Hz Intelligent AdaptiveSync Display33W Dual Split Flash Charge1 Year Manufacturer Warranty for Device and 6 Months Manufacturer Warranty for In-box Accessories,"₹35,999",4.6
"realme X2 Pro (Neptune Blue, 256 GB)",12 GB RAM | 256 GB ROM16.51 cm (6.5 inch) Full HD+ Display64MP + 13MP + 8MP + 2MP | 16MP Front Camera4000 mAh BatteryQualcomm Snapdragon 855 Plus Processor90 Hz Ultra Smooth Display50W Super Vooc Flash Charge20X Hybrid ZoomBrand Warranty of 1 Year Available for Mobile and 6 Months for Accessories,"₹36,999",4
"Infinix Zero Ultra (Genesis Noir, 256 GB)",8 GB RAM | 256 GB ROM17.27 cm (6.8 inch) Full HD+ Display200MP + 13MP + 2MP | 32MP Front Camera4500 mAh Lithium-ion Polymer BatteryMediatek Dimensity 920 Processor1 Year on Handset and 6 Months on Accessories,"₹39,990",4.3
"vivo X50 (Glaze Black, 128 GB)",8 GB RAM | 128 GB ROM16.66 cm (6.56 inch) Full HD+ E3 Super AMOLED Display48MP + 13MP + 8MP + 5MP | 32MP Front Camera4200 mAh Lithium-ion BatteryQualcomm Snapdragon 730 Processor33W Vivo FlashCharge 2.01 Year for Handset and 6 Months for In-box Accessories,"₹69,999",4.6
"Apple iPhone 16 (White, 128 GB)","128 GB ROM15.49 cm (6.1 inch) Super Retina XDR Display48MP + 12MP | 12MP Front CameraA18 Chip, 6 Core Processor Processor1 year warranty for phone and 1 year warranty for in Box Accessories.","₹69,999",4.6
"Apple iPhone 16 (Black, 128 GB)","128 GB ROM15.49 cm (6.1 inch) Super Retina XDR Display48MP + 12MP | 12MP Front CameraA18 Chip, 6 Core Processor Processor1 year warranty for phone and 1 year warranty for in Box Accessories.","₹69,999",4.6
"Apple iPhone 16 (Pink, 128 GB)","128 GB ROM15.49 cm (6.1 inch) Super Retina XDR Display48MP + 12MP | 12MP Front CameraA18 Chip, 6 Core Processor Processor1 year warranty for phone and 1 year warranty for in Box Accessories.","₹69,999",4.6
"Apple iPhone 16 (Ultramarine, 128 GB)","128 GB ROM15.49 cm (6.1 inch) Super Retina XDR Display48MP + 12MP | 12MP Front CameraA18 Chip, 6 Core Processor Processor1 year warranty for phone and 1 year warranty for in Box Accessories.","₹26,999",4.5
"Nothing Phone (3a) (Blue, 256 GB)",8 GB RAM | 256 GB ROM17.2 cm (6.77 inch) Full HD+ Display50MP (Main) + 50MP (2X Tele Photo) + 8MP (Ultra-Wide) | 32MP Front Camera5000 mAh Battery7s Gen3 Processor1 Year Manufacturing Warranty,"₹31,999",4.5
"Nothing Phone (3a) Pro (Black, 256 GB)",8 GB RAM | 256 GB ROM17.2 cm (6.77 inch) Full HD+ Display50MP (Main) + 50MP (3X Periscope)+ 8MP (Ultra-Wide) | 50MP Front Camera5000 mAh Battery7s Gen3 Processor1 Year Manufacturing Warranty,"₹15,999",4.4
"Motorola G85 5G (Urban Grey, 128 GB)",8 GB RAM | 128 GB ROM16.94 cm (6.67 inch) Full HD+ Display50MP + 8MP | 32MP Front Camera5000 mAh Battery6s Gen 3 Processor1 Year on Handset and 6 Months on Accessories,"₹15,999",4.4
"Motorola G85 5G (Olive Green, 128 GB)",8 GB RAM | 128 GB ROM16.94 cm (6.67 inch) Full HD+ Display50MP + 8MP | 32MP Front Camera5000 mAh Battery6s Gen 3 Processor1 Year on Handset and 6 Months on Accessories,₹694,4.4
MAK Bluetooth Selfie Stick,Mobile PhonesBuilt-in BatteryLoad Capacity: 500 gFolded: 290 mm | Extended: 1800 mmConnectivity: Bluetooth | Remote IncludedNA,"₹2,119",3.9
"RETRACK C11 1930mm Long Extendable Multifunctional Aluminum Alloy Tripod, Compatible with Different Ki...",Mobile PhonesBuilt-in BatteryLoad Capacity: 1000 gFolded: 330 mm | Extended: 1800 mmConnectivity: Bluetooth | Remote Included,"₹22,999",4.6
"MOTOROLA Edge 60 Fusion 5G (PANTONE Amazonite, 256 GB)",8 GB RAM | 256 GB ROM | Expandable Upto 1 TB16.94 cm (6.67 inch) Display50MP + 13MP | 32MP Front Camera5500 mAh BatteryDimensity 7400 Processor68W Charger1 Year Warranty on Handset and 6 Months Warranty on Accessories,"₹79,999",4.6
"Apple iPhone 16 (Black, 256 GB)","256 GB ROM15.49 cm (6.1 inch) Super Retina XDR Display48MP + 12MP | 12MP Front CameraA18 Chip, 6 Core Processor Processor1 year warranty for phone and 1 year warranty for in Box Accessories.","₹12,999",4.5
"OPPO K12x 5G with 45W SUPERVOOC Charger In-The-Box (Feather Pink, 128 GB)",6 GB RAM | 128 GB ROM | Expandable Upto 1 TB16.94 cm (6.67 inch) HD Display32MP + 2MP | 8MP Front Camera5100 mAh BatteryDimensity 6300 Processor1 Year Manufacturer Warranty for Device and 6 Months Manufacturer Warranty for Inbox Accessories,"₹12,999",4.5
"OPPO K12x 5G with 45W SUPERVOOC Charger In-The-Box (Breeze Blue, 128 GB)",6 GB RAM | 128 GB ROM | Expandable Upto 1 TB16.94 cm (6.67 inch) HD Display32MP + 2MP | 8MP Front Camera5100 mAh BatteryDimensity 6300 Processor1 Year Manufacturer Warranty for Device and 6 Months Manufacturer Warranty for Inbox Accessories,"₹12,999",4.5
"OPPO K12x 5G with 45W SUPERVOOC Charger In-The-Box (Midnight Violet, 128 GB)",6 GB RAM | 128 GB ROM | Expandable Upto 1 TB16.94 cm (6.67 inch) HD Display32MP + 2MP | 8MP Front Camera5100 mAh BatteryDimensity 6300 Processor1 Year Manufacturer Warranty for Device and 6 Months Manufacturer Warranty for Inbox Accessories,"₹52,999",4.5
"SAMSUNG Galaxy S24+ 5G (Onyx Black, 256 GB)",12 GB RAM | 256 GB ROM17.02 cm (6.7 inch) Quad HD+ Display50MP + 10MP + 12MP | 12MP Front Camera4900 mAh BatteryExynos 2400 Processor1 Year Manufacturer Warranty for Device and 6 Months for In-Box Accessories,"₹24,999",4.6
"MOTOROLA Edge 60 Fusion 5G (PANTONE Amazonite, 256 GB)",12 GB RAM | 256 GB ROM | Expandable Upto 1 TB16.94 cm (6.67 inch) Display50MP + 13MP | 32MP Front Camera5500 mAh BatteryDimensity 7400 Processor68W Charger1 Year Warranty on Handset and 6 Months Warranty on Accessories,"₹15,999",4.4
"Motorola G85 5G (Viva Magenta, 128 GB)",8 GB RAM | 128 GB ROM16.94 cm (6.67 inch) Full HD+ Display50MP + 8MP | 32MP Front Camera5000 mAh Battery6s Gen 3 Processor1 Year on Handset and 6 Months on Accessories,"₹11,999",4.3
"Motorola g45 5G (Brilliant Blue, 128 GB)",8 GB RAM | 128 GB ROM | Expandable Upto 1 TB16.51 cm (6.5 inch) HD+ Display50MP + 2MP | 16MP Front Camera5000 mAh BatterySnapdragon 6s Gen 3 Processor1 Year Warranty on Handset and 6 Months Warranty on Accessories,"₹6,499",4.2
"SAMSUNG Galaxy F05 (Twilight Blue, 64 GB)",4 GB RAM | 64 GB ROM | Expandable Upto 1 TB17.12 cm (6.74 inch) HD+ Display50MP + 2MP | 8MP Front Camera5000 mAh BatteryHelio G85 Processor1 Year Manufacturer Warranty for Device and 6 Months for In-Box Accessories,"₹15,999",4.4
"Motorola G85 5G (Cobalt Blue, 128 GB)",8 GB RAM | 128 GB ROM16.94 cm (6.67 inch) Full HD+ Display50MP + 8MP | 32MP Front Camera5000 mAh Battery6s Gen 3 Processor1 Year on Handset and 6 Months on Accessories,"₹34,999",4.5
"SAMSUNG Galaxy S24 FE 5G (Graphite, 128 GB)",8 GB RAM | 128 GB ROM17.02 cm (6.7 inch) Full HD+ Display50MP + 12MP | 10MP Front Camera4700 mAh BatteryExynos 2400e Processor1 Year Manufacturer Warranty for Device and 6 Months for In-Box Accessories,"₹79,999",4.6
"Apple iPhone 16 Plus (Black, 128 GB)","128 GB ROM17.02 cm (6.7 inch) Super Retina XDR Display48MP + 12MP | 12MP Front CameraA18 Chip, 6 Core Processor Processor1 year warranty for phone and 1 year warranty for in Box Accessories.","₹34,999",4.5
"SAMSUNG Galaxy S24 FE 5G (Mint, 128 GB)",8 GB RAM | 128 GB ROM17.02 cm (6.7 inch) Full HD+ Display50MP + 12MP | 10MP Front Camera4700 mAh BatteryExynos 2400e Processor1 Year Manufacturer Warranty for Device and 6 Months for In-Box Accessories,"₹24,999",4.5
"Nothing Phone (3a) (Black, 128 GB)",8 GB RAM | 128 GB ROM17.2 cm (6.77 inch) Full HD+ Display50MP (Main) + 50MP (2X Tele Photo) + 8MP (Ultra-Wide) | 32MP Front Camera5000 mAh Battery7s Gen3 Processor1 Year Manufacturing Warranty,"₹31,999",4.5
"Nothing Phone (3a) Pro (Black, 256 GB)",8 GB RAM | 256 GB ROM17.2 cm (6.77 inch) Full HD+ Display50MP (Main) + 50MP (3X Periscope)+ 8MP (Ultra-Wide) | 50MP Front Camera5000 mAh Battery7s Gen3 Processor1 Year Manufacturing Warranty,"₹14,999",4.5
"vivo T4x 5G (Marine Blue, 128 GB)",8 GB RAM | 128 GB ROM17.07 cm (6.72 inch) Display50MP + 2MP | 8MP Front Camera6500 mAh BatteryDimensity 7300 5G Processor1 Year Warranty for Device and 6 Months Warranty for Accessories,"₹79,999",4.6
"Apple iPhone 16 Plus (Black, 128 GB)","128 GB ROM17.02 cm (6.7 inch) Super Retina XDR Display48MP + 12MP | 12MP Front CameraA18 Chip, 6 Core Processor Processor1 year warranty for phone and 1 year warranty for in Box Accessories.","₹79,999",4.6
"Apple iPhone 16 (White, 256 GB)","256 GB ROM15.49 cm (6.1 inch) Super Retina XDR Display48MP + 12MP | 12MP Front CameraA18 Chip, 6 Core Processor Processor1 year warranty for phone and 1 year warranty for in Box Accessories.","₹13,999",4.5
"vivo T4x 5G (Marine Blue, 128 GB)",6 GB RAM | 128 GB ROM17.07 cm (6.72 inch) Display50MP + 2MP | 8MP Front Camera6500 mAh BatteryDimensity 7300 5G Processor1 Year Warranty for Device and 6 Months Warranty for Accessories,"₹69,999",4.6
"Apple iPhone 16 (Teal, 128 GB)","128 GB ROM15.49 cm (6.1 inch) Super Retina XDR Display48MP + 12MP | 12MP Front CameraA18 Chip, 6 Core Processor Processor1 year warranty for phone and 1 year warranty for in Box Accessories.","₹14,999",4.5
"vivo T4x 5G (Pronto Purple, 128 GB)",8 GB RAM | 128 GB ROM17.07 cm (6.72 inch) Display50MP + 2MP | 8MP Front Camera6500 mAh BatteryDimensity 7300 5G Processor1 Year Warranty for Device and 6 Months Warranty for Accessories,"₹16,999",4.5
"vivo T4x 5G (Pronto Purple, 256 GB)",8 GB RAM | 256 GB ROM17.07 cm (6.72 inch) Display50MP + 2MP | 8MP Front Camera6500 mAh BatteryDimensity 7300 5G Processor1 Year Warranty for Device and 6 Months Warranty for Accessories,"₹7,699",4.3
"POCO C75 5G (Aqua Bliss, 64 GB)",4 GB RAM | 64 GB ROM | Expandable Upto 1 TB17.48 cm (6.88 inch) HD+ Display50MP Rear Camera | 5MP Front Camera5160 mAh Battery4s Gen 2 5G Processor1 Year Manufacturer Warranty for Phone and 6 Months Warranty for In the Box Accessories,"₹20,999",4.3
"SAMSUNG Galaxy A35 5G (Awesome Navy, 128 GB)",8 GB RAM | 128 GB ROM | Expandable Upto 1 TB16.76 cm (6.6 inch) Full HD+ Display50MP + 8MP + 5MP | 13MP Front Camera5000 mAh BatterySamsung Exynos 1380 Processor1 Year Manufacturer Warranty for Device and 6 Months for In-Box Accessories,"₹11,999",4.3
"Motorola g45 5G (Brilliant Green, 128 GB)",8 GB RAM | 128 GB ROM | Expandable Upto 1 TB16.51 cm (6.5 inch) HD+ Display50MP + 2MP | 16MP Front Camera5000 mAh BatterySnapdragon 6s Gen 3 Processor1 Year Warranty on Handset and 6 Months Warranty on Accessories,"₹13,999",4.5
"vivo T4x 5G (Pronto Purple, 128 GB)",6 GB RAM | 128 GB ROM17.07 cm (6.72 inch) Display50MP + 2MP | 8MP Front Camera6500 mAh BatteryDimensity 7300 5G Processor1 Year Warranty for Device and 6 Months Warranty for Accessories,"₹89,999",4.6
"Apple iPhone 16 Plus (Black, 256 GB)","256 GB ROM17.02 cm (6.7 inch) Super Retina XDR Display48MP + 12MP | 12MP Front CameraA18 Chip, 6 Core Processor Processor1 year warranty for phone and 1 year warranty for in Box Accessories.","₹79,999",4.6
"Apple iPhone 16 (Ultramarine, 256 GB)","256 GB ROM15.49 cm (6.1 inch) Super Retina XDR Display48MP + 12MP | 12MP Front CameraA18 Chip, 6 Core Processor Processor1 year warranty for phone and 1 year warranty for in Box Accessories.","₹22,999",4.3
"SAMSUNG Galaxy A35 5G (Awesome Iceblue, 256 GB)",8 GB RAM | 256 GB ROM | Expandable Upto 1 TB16.76 cm (6.6 inch) Full HD+ Display50MP + 8MP + 5MP | 13MP Front Camera5000 mAh BatterySaung Exynos 1380 Processor1 Year Manufacturer Warranty for Device and 6 Months for In-Box Accessories,"₹16,999",4.5
"vivo T4x 5G (Marine Blue, 256 GB)",8 GB RAM | 256 GB ROM17.07 cm (6.72 inch) Display50MP + 2MP | 8MP Front Camera6500 mAh BatteryDimensity 7300 5G Processor1 Year Warranty for Device and 6 Months Warranty for Accessories,"₹15,999",4.4
"OPPO K12x 5G with 45W SUPERVOOC Charger In-The-Box (Feather Pink, 256 GB)",8 GB RAM | 256 GB ROM | Expandable Upto 1 TB16.94 cm (6.67 inch) HD Display32MP + 2MP | 8MP Front Camera5100 mAh BatteryDimensity 6300 Processor1 Year Manufacturer Warranty for Device and 6 Months Manufacturer Warranty for Inbox Accessories,"₹79,999",4.6
"Apple iPhone 16 (Pink, 256 GB)","256 GB ROM15.49 cm (6.1 inch) Super Retina XDR Display48MP + 12MP | 12MP Front CameraA18 Chip, 6 Core Processor Processor1 year warranty for phone and 1 year warranty for in Box Accessories.","₹50,999",4.5
"SAMSUNG Galaxy S24 5G (Onyx Black, 256 GB)",8 GB RAM | 256 GB ROM15.75 cm (6.2 inch) Full HD+ Display50MP + 10MP + 12MP | 12MP Front Camera4000 mAh BatteryExynos 2400 Processor1 Year Manufacturer Warranty for Device and 6 Months for In-Box Accessories,"₹6,999",4.3
"MOTOROLA g05 (Forest Green, 64 GB)",4 GB RAM | 64 GB ROM | Expandable Upto 1 TB16.94 cm (6.67 inch) HD+ Display50MP Rear Camera | 8MP Front Camera5200 mAh BatteryHelio G81 Processor1 Year Warranty on Handset and 6 Months Warranty on Accessories,"₹22,999",4.4
"MOTOROLA Edge 60 Stylus (PANTONE Gibraltar Sea, 256 GB)",8 GB RAM | 256 GB ROM | Expandable Upto 1 TB16.94 cm (6.67 inch) Display50MP + 13MP | 32MP Front Camera5000 mAh Battery7s Gen 2 Mobile Processor Processor1 Year Warranty on Handset and 6 Months Warranty on Accessories,"₹79,999",4.6
"Apple iPhone 16 Plus (Ultramarine, 128 GB)","128 GB ROM17.02 cm (6.7 inch) Super Retina XDR Display48MP + 12MP | 12MP Front CameraA18 Chip, 6 Core Processor Processor1 year warranty for phone and 1 year warranty for in Box Accessories.","₹22,999",4.3
"SAMSUNG Galaxy A35 5G (Awesome Lilac, 256 GB)",8 GB RAM | 256 GB ROM | Expandable Upto 1 TB16.76 cm (6.6 inch) Full HD+ Display50MP + 8MP + 5MP | 13MP Front Camera5000 mAh BatteryExynos 1380 Processor1 Year Manufacturer Warranty for Device and 6 Months for In-Box Accessories,"₹24,999",4.5
"Nothing Phone (3a) (Black, 128 GB)",8 GB RAM | 128 GB ROM17.2 cm (6.77 inch) Full HD+ Display50MP (Main) + 50MP (2X Tele Photo) + 8MP (Ultra-Wide) | 32MP Front Camera5000 mAh Battery7s Gen3 Processor1 Year Manufacturing Warranty,"₹31,999",4.5
"Nothing Phone (3a) Pro (Black, 256 GB)",8 GB RAM | 256 GB ROM17.2 cm (6.77 inch) Full HD+ Display50MP (Main) + 50MP (3X Periscope)+ 8MP (Ultra-Wide) | 50MP Front Camera5000 mAh Battery7s Gen3 Processor1 Year Manufacturing Warranty,"₹6,999",4.3
"MOTOROLA g05 (Plum Red, 64 GB)",4 GB RAM | 64 GB ROM | Expandable Upto 1 TB16.94 cm (6.67 inch) HD+ Display50MP Rear Camera | 8MP Front Camera5200 mAh BatteryHelio G81 Processor1 Year Warranty on Handset and 6 Months Warranty on Accessories,"₹19,999",4.5
"Motorola Edge 50 Fusion (Marshmallow Blue, 128 GB)",8 GB RAM | 128 GB ROM17.02 cm (6.7 inch) Full HD+ Display50MP + 13MP | 32MP Front Camera5000 mAh Battery7s Gen 2 Processor1 Year on Handset and 6 Months on Accessories,"₹17,999",4.4
"Motorola G85 5G (Olive Green, 256 GB)",12 GB RAM | 256 GB ROM16.94 cm (6.67 inch) Full HD+ Display50MP + 8MP | 32MP Front Camera5000 mAh Battery6s Gen 3 Processor1 Year on Handset and 6 Months on Accessories,"₹17,999",4.4
"Motorola G85 5G (Urban Grey, 256 GB)",12 GB RAM | 256 GB ROM16.94 cm (6.67 inch) Full HD+ Display50MP + 8MP | 32MP Front Camera5000 mAh Battery6s Gen 3 Processor1 Year on Handset and 6 Months on Accessories,"₹22,999",4.3
"SAMSUNG Galaxy A35 5G (Awesome Navy, 256 GB)",8 GB RAM | 256 GB ROM | Expandable Upto 1 TB16.76 cm (6.6 inch) Full HD+ Display50MP + 8MP + 5MP | 13MP Front Camera5000 mAh BatterySamsung Exynos 1380 Processor1 Year Manufacturer Warranty for Device and 6 Months for In-Box Accessories,"₹12,999",4.5
"realme C63 5G Charger in the Box (Forest Green, 128 GB)",8 GB RAM | 128 GB ROM | Expandable Upto 2 TB16.94 cm (6.67 inch) HD+ Display32MP Rear Camera | 8MP Front Camera5000 mAh BatteryDimensity 6300 Processor1 Year Manufacturer Warranty for Device and 6 Months Manufacturer Warranty for Inbox Accessories,"₹12,999",4.5
"realme C63 5G Charger in the Box (Starry Gold, 128 GB)",8 GB RAM | 128 GB ROM | Expandable Upto 2 TB16.94 cm (6.67 inch) HD+ Display32MP Rear Camera | 8MP Front Camera5000 mAh BatteryDimensity 6300 Processor1 Year Manufacturer Warranty for Device and 6 Months Manufacturer Warranty for Inbox Accessories,"₹22,999",4.4
"MOTOROLA Edge 60 Stylus (PANTONE Surf the Web, 256 GB)",8 GB RAM | 256 GB ROM | Expandable Upto 1 TB16.94 cm (6.67 inch) Display50MP + 13MP | 32MP Front Camera5000 mAh Battery7s Gen 2 Mobile Processor Processor1 Year Warranty on Handset and 6 Months Warranty on Accessories,"₹10,999",4.5
"realme C63 5G Charger in the Box (Starry Gold, 128 GB)",6 GB RAM | 128 GB ROM | Expandable Upto 2 TB16.94 cm (6.67 inch) HD+ Display32MP Rear Camera | 8MP Front Camera5000 mAh BatteryDimensity 6300 Processor1 Year Manufacturer Warranty for Device and 6 Months Manufacturer Warranty for Inbox Accessories,"₹19,999",4.5
"Motorola Edge 50 Fusion (Forest Blue, 128 GB)",8 GB RAM | 128 GB ROM17.02 cm (6.7 inch) Full HD+ Display50MP + 13MP | 32MP Front Camera5000 mAh Battery7s Gen 2 Processor1 Year on Handset and 6 Months on Accessories,"₹11,999",4.3
"Motorola g45 5G (Viva Magenta, 128 GB)",8 GB RAM | 128 GB ROM | Expandable Upto 1 TB16.51 cm (6.5 inch) HD+ Display50MP + 2MP | 16MP Front Camera5000 mAh BatterySnapdragon 6s Gen 3 Processor1 Year Warranty on Handset and 6 Months Warranty on Accessories,"₹18,999",4.4
"vivo T3 5G (Cosmic Blue, 256 GB)",8 GB RAM | 256 GB ROM16.94 cm (6.67 inch) Full HD+ Display50MP + 2MP | 16MP Front Camera5000 mAh BatteryDimensity 7200 Processor1 Year Manufacturer Warranty for Device and 6 Months Manufacturer Warranty for Inbox Accessories,"₹23,999",4.6
"vivo T4 5G (Phantom Grey, 256 GB)",8 GB RAM | 256 GB ROM17.2 cm (6.77 inch) Display50MP (OIS) + 2MP | 32MP Front Camera7300 mAh BatterySnapdragon 7s Gen 3 5G Processor1 Year Warranty on the Handset and 6 Months Warranty on Inbox Accessories,"₹25,999",4.8
"vivo T4 5G (Emerald Blaze, 256 GB)",12 GB RAM | 256 GB ROM17.2 cm (6.77 inch) Display50MP (OIS) + 2MP | 32MP Front Camera7300 mAh BatterySnapdragon 7s Gen 3 5G Processor1 Year Warranty on the Handset and 6 Months Warranty on Inbox Accessories,"₹23,999",4.6
"vivo T4 5G (Emerald Blaze, 256 GB)",8 GB RAM | 256 GB ROM17.2 cm (6.77 inch) Display50MP (OIS) + 2MP | 32MP Front Camera7300 mAh BatterySnapdragon 7s Gen 3 5G Processor1 Year Warranty on the Handset and 6 Months Warranty on Inbox Accessories,"₹25,999",4.8
"vivo T4 5G (Phantom Grey, 256 GB)",12 GB RAM | 256 GB ROM17.2 cm (6.77 inch) Display50MP (OIS) + 2MP | 32MP Front Camera7300 mAh BatterySnapdragon 7s Gen 3 5G Processor1 Year Warranty on the Handset and 6 Months Warranty on Inbox Accessories,"₹21,999",4.6
"vivo T4 5G (Phantom Grey, 128 GB)",8 GB RAM | 128 GB ROM17.2 cm (6.77 inch) Display50MP (OIS) + 2MP | 32MP Front Camera7300 mAh BatterySnapdragon 7s Gen 3 5G Processor1 Year Warranty on the Handset and 6 Months Warranty on Inbox Accessories,"₹21,999",4.6
"vivo T4 5G (Emerald Blaze, 128 GB)",8 GB RAM | 128 GB ROM17.2 cm (6.77 inch) Display50MP (OIS) + 2MP | 32MP Front Camera7300 mAh BatterySnapdragon 7s Gen 3 5G Processor1 Year Warranty on the Handset and 6 Months Warranty on Inbox Accessories,"₹21,999",4.4
"Motorola Edge 50 Fusion (Hot Pink, 256 GB)",12 GB RAM | 256 GB ROM17.02 cm (6.7 inch) Full HD+ Display50MP + 13MP | 32MP Front Camera5000 mAh Battery7s Gen 2 Processor1 Year on Handset and 6 Months on Accessories,"₹16,999",4.4
"vivo T3 5G (Cosmic Blue, 128 GB)",8 GB RAM | 128 GB ROM16.94 cm (6.67 inch) Full HD+ Display50MP + 2MP | 16MP Front Camera5000 mAh BatteryDimensity 7200 Processor1 Year Manufacturer Warranty for Device and 6 Months Manufacturer Warranty for Inbox Accessories,"₹16,999",4.4
"vivo T3 5G (Crystal Flake, 128 GB)",8 GB RAM | 128 GB ROM16.94 cm (6.67 inch) Full HD+ Display50MP + 2MP | 16MP Front Camera5000 mAh BatteryDimensity 7200 Processor1 Year Manufacturer Warranty for Device and 6 Months Manufacturer Warranty for Inbox Accessories,"₹10,999",4.5
"realme C63 5G Charger in the Box (Forest Green, 128 GB)",6 GB RAM | 128 GB ROM | Expandable Upto 2 TB16.94 cm (6.67 inch) HD+ Display32MP Rear Camera | 8MP Front Camera5000 mAh BatteryDimensity 6300 Processor1 Year Manufacturer Warranty for Device and 6 Months Manufacturer Warranty for Inbox Accessories,,
